Carga,Tempo (ms),Carga %,Tempo (min)
29,6588,29%,0.1098
31,9239,31%,0.15398333333333333
29,11896,29%,0.19826666666666667
29,14551,29%,0.24251666666666666
30,17206,30%,0.28676666666666667
30,19863,30%,0.33105
29,22518,29%,0.3753
30,25175,30%,0.4195833333333333
30,27830,30%,0.4638333333333333
30,30485,30%,0.5080833333333333
